<?xml version="1.0" encoding="UTF-8"?>
<!DOCTYPE suite SYSTEM "http://testng.org/testng-1.0.dtd">
<suite name = "NicsOtw Application Test Automation Test Suite">

<listeners>

<listener class-name = "com.nics.qa.ExtentReportListner.ExtentReporterNG"/>
<listener class-name = "com.nics.qa.util.Listeners"/>

</listeners>

	<test name="NicsOtw App Test Cases Powai">
	
	<groups>
         <run>
            <include name = "powai" />
         </run>
      </groups>
	
		<classes>
			<class name="com.nics.qa.tests.NicsCreateOtwPageTest"></class>
			<class name="com.nics.qa.tests.OtwdashboardPageTest"></class>
		</classes>
		
	</test>
	 
	<test name="NicsOtw App Test Cases Aej">
	
	<groups>
         <run>
            <include name = "AeJ" />
         </run>
      </groups>
	
		<classes>
			<class name="com.nics.qa.tests.NicsCreateOtwPageTest"></class>
			<class name="com.nics.qa.tests.otwAejApprovalFlowTest"></class>
		</classes>
		
	</test>
	
	<test name="NicsOtw App Test Cases EMEA">
	
	<groups>
         <run>
            <include name = "Emea" />
         </run>
      </groups>
	
		<classes>
			<class name="com.nics.qa.tests.NicsCreateOtwPageTest"></class>
			<class name="com.nics.qa.tests.otwEmeaApprovalFlowTest"></class>
		</classes>
		
	</test>
	
	
</suite>
 