<?xml version="1.0" encoding="UTF-8"?>
<!DOCTYPE suite SYSTEM "http://testng.org/testng-1.0.dtd">
<suite name="Permit suite for AeJ Countries">

<listeners>
 
<listener class-name="org.uncommons.reportng.HTMLReporter" />
 
<listener class-name="org.uncommons.reportng.JUnitXMLReporter" />
 
</listeners>

 <test name="ASICRegistration">
    <classes>
      <class name="permitpagelogicaej.ASICRegistrationFlow"/>
    </classes>
  </test>
  
  <test name="SEBIRegistration">
    <classes>
      <class name="permitpagelogicaej.SEBIRegistrationFlow"/>
    </classes>
  </test>
  
  <test name="OJKRegistration">
    <classes>
      <class name="permitpagelogicaej.OJKRegistrationFlow"/>
    </classes>
  </test>
  
  <test name="KOFIARegistration">
    <classes>
      <class name="permitpagelogicaej.KOFIARegistrationFlow"/>
    </classes>
  </test>
  
   <test name="SCMRegistration">
    <classes>
     <class name="permitpagelogicaej.SCMRegistrationFlow"/>
    </classes>
  </test>
  
  <test name="SFBRegistration">
    <classes>
      <class name="permitpagelogicaej.SFBRegistrationFlow"/>
    </classes>
  </test>
  
  <test name="SECTHRegistration">
    <classes>
      <class name="permitpagelogicaej.SECTHRegistrationFlow"/>
    </classes>
  </test><!-- Default test -->
</suite> <!-- Default suite -->