<?xml version="1.0" encoding="UTF-8"?>
<!DOCTYPE suite SYSTEM "http://testng.org/testng-1.0.dtd">
<suite name="Permit suite">

<listeners>
 
<listener class-name="org.uncommons.reportng.HTMLReporter" />
 
<listener class-name="org.uncommons.reportng.JUnitXMLReporter" />
 
</listeners>

 <test name="HKRegistration">
    <classes>
      <class name="permitpagelogicsg.HKRegistrationFlow"/>
    </classes>
  </test>
  
  <test name="HKVisit">
    <classes>
      <class name="permitpagelogicsg.HKVisitorLog"/>
    </classes>
  </test>
  
  <test name="HKCPT">
    <classes>
      <class name="permitpagelogicsg.HKCPTDetails"/>
    </classes>
  </test>

  <test name="HKRegistration">
    <classes>
      <class name="permitpagelogicsg.SGRegistrationFlow"/>
    </classes>
  </test>
  
  <test name="SGVisit">
    <classes>
      <class name="permitpagelogicsg.SGVisitorLog"/>
    </classes>
  </test>
  
  <test name="SGMasEAPO">
    <classes>
      <class name="permitpagelogicsg.MasEaPoLogic"/>
    </classes>
  </test> <!-- Default test -->
</suite> <!-- Default suite -->